<?xml version="1.0" encoding="UTF-8" standalone="no"?>
<!DOCTYPE properties SYSTEM "http://java.sun.com/dtd/properties.dtd">
<properties>
    <comment>KhanzaHMS</comment> 
    <entry key="HOST">epvxBl1gwZnMJNJGhk0iPA==</entry>
    <entry key="DATABASE">Pm0yjLF+YbkphUcDQZKNwA==</entry>
    <entry key="PORT">nioxtijcpDaKSUiUiP5FAg==</entry>
    <entry key="USER">Pm0yjLF+YbkphUcDQZKNwA==</entry>
    <entry key="PAS">MNvX4C3pC47pQo9OLl/oO2sPollb2sO1y1xFIiQ73CY=</entry>
    <entry key="CARICEPAT">nonaktif</entry>
    <entry key="HOSTHYBRIDWEB">tC7Y7MjgJqhhXgD5w4Eltw==</entry>
    <entry key="USERHYBRIDWEB">hHl6kPW34Poys7lIv8Y7iEY0QJ76CK0PnabvnkZCVx8=</entry>
    <entry key="PASHYBRIDWEB">kaYcJw41TugZ8b2h+eAXx9WENuXMrNaH+yNU7jq15yk=</entry>
    <entry key="HYBRIDWEB">webapps</entry>
    <entry key="PORTWEB">80</entry>
    <entry key="AKTIFKANWARNARALAN">yes</entry>
    <entry key="ANTRIAN">player</entry>
    <entry key="LOKETANTRIAN"></entry>
    <entry key="ALARMAPOTEK">yes</entry>
    <entry key="RESEPRAJALKEPLAN">yes</entry>
    <entry key="FORMALARMAPOTEK">ralan + ranap</entry>
    <entry key="STOKKOSONGRESEP">yes</entry>
    <entry key="TAMPILKANCOPYRESEPDOKTERLAIN">no</entry>
    <entry key="HPPFARMASI">dasar</entry>
    <entry key="HPPTOKO">dasar</entry>
    <entry key="ALARMLAB">yes</entry>
    <entry key="FORMALARMLAB">ralan + ranap</entry>
    <entry key="ALARMRADIOLOGI">yes</entry>
    <entry key="FORMALARMRADIOLOGI">ralan + ranap</entry>
    <entry key="ALARMRSISRUTE">no</entry>
    <entry key="ALARMBOOKINGPERIKSA">no</entry>
    <entry key="ALARMPENGADUANPASIEN">no</entry>
    <entry key="ALARMPERMINTAANRANAP">no</entry>
    <entry key="MENUTRANSPARAN">no</entry>
    <entry key="TANGGALMUNDUR">yes</entry>
    <entry key="URLAPIBPJS">https://apijkn.bpjs-kesehatan.go.id/vclaim-rest</entry>
    <entry key="SECRETKEYAPIBPJS">+YfOVRwuSjfHCSmDzrAFqQ==</entry>
    <entry key="CONSIDAPIBPJS">cqvx9b6toQcpZCbJzZIYpw==</entry>
    <entry key="USERKEYAPIBPJS">DTeKeV/kenRg8Jt+hVB/oHIk+p+AaYL9mCOq5qlHp5zAzp5fMkJKxh72xrb0rCke</entry>
    <entry key="DIAGNOSARUJUKANMASUKAPIBPJS">yes</entry>
    <entry key="JADIKANBOOKINGSURATKONTROLAPIBPJS">yes</entry>
    <entry key="JADIKANBOOKINGSURATKONTROLAPIBPJS">no</entry>
    <entry key="URLAPIAPLICARE">https://new-api.bpjs-kesehatan.go.id/aplicaresws</entry>
    <entry key="SECRETKEYAPIAPLICARE">+YfOVRwuSjfHCSmDzrAFqQ==</entry>
    <entry key="CONSIDAPIAPLICARE">cqvx9b6toQcpZCbJzZIYpw==</entry>
    <entry key="USERKEYAPIAPLICARE">l4nh5eVYrLAER/I2A4b3Tw==</entry>
    <entry key="URLAPIMOBILEJKN">https://apijkn.bpjs-kesehatan.go.id/antreanrs</entry>
    <entry key="SECRETKEYAPIMOBILEJKN">+YfOVRwuSjfHCSmDzrAFqQ==</entry>
    <entry key="CONSIDAPIMOBILEJKN">cqvx9b6toQcpZCbJzZIYpw==</entry>
    <entry key="USERKEYAPIMOBILEJKN">dniV4xFpfeAwDWNYvxZxGNT57WrRcdfgIGOCs2JHVJSwuctPWE1Je9CTDWNryM5i</entry>
    <entry key="ADDANTRIANAPIMOBILEJKN">no</entry>
    <entry key="URLAPIAPOTEKBPJS">https://dev-soa.bpjs-kesehatan.go.id/apotek-rest</entry>
    <entry key="SECRETKEYAPIAPOTEKBPJS">l4nh5eVYrLAER/I2A4b3Tw==</entry>
    <entry key="CONSIDAPIAPOTEKBPJS">l4nh5eVYrLAER/I2A4b3Tw==</entry>
    <entry key="USERKEYAPIAPOTEKBPJS">l4nh5eVYrLAER/I2A4b3Tw==</entry>
    <entry key="JADIKANPIUTANGAPOTEKBPJS">yes</entry>
    <entry key="URLAPIICARE">https://apijkn.bpjs-kesehatan.go.id/wsihs/api/rs</entry>
    <entry key="SECRETKEYAPIICARE">+YfOVRwuSjfHCSmDzrAFqQ==</entry>
    <entry key="CONSIDAPIICARE">cqvx9b6toQcpZCbJzZIYpw==</entry>
    <entry key="USERKEYAPIICARE">DTeKeV/kenRg8Jt+hVB/oHIk+p+AaYL9mCOq5qlHp5zAzp5fMkJKxh72xrb0rCke</entry>
    <entry key="URLAPISMARTCLAIM">https://dvlp.bpjs-kesehatan.go.id/eRekamMedis</entry>
    <entry key="SECRETKEYAPISMARTCLAIM">l4nh5eVYrLAER/I2A4b3Tw==</entry>
    <entry key="CONSIDAPISMARTCLAIM">l4nh5eVYrLAER/I2A4b3Tw==</entry>
    <entry key="USERKEYAPISMARTCLAIM">l4nh5eVYrLAER/I2A4b3Tw==</entry>
    <entry key="URLAPIPCARE">https://apijkn-dev.bpjs-kesehatan.go.id/pcare-rest</entry>
    <entry key="SECRETKEYAPIPCARE">l4nh5eVYrLAER/I2A4b3Tw==</entry>
    <entry key="CONSIDAPIPCARE">l4nh5eVYrLAER/I2A4b3Tw==</entry>
    <entry key="USERKEYAPIPCARE">l4nh5eVYrLAER/I2A4b3Tw==</entry>
    <entry key="PASSPCARE">l4nh5eVYrLAER/I2A4b3Tw==</entry>
    <entry key="USERPCARE">l4nh5eVYrLAER/I2A4b3Tw==</entry>
    <entry key="URLMOBILEJKNFKTP">https://apijkn-dev.bpjs-kesehatan.go.id/antreanfktp_dev</entry>
    <entry key="SECRETKEYMOBILEJKNFKTP">l4nh5eVYrLAER/I2A4b3Tw==</entry>
    <entry key="CONSIDMOBILEJKNFKTP">l4nh5eVYrLAER/I2A4b3Tw==</entry>
    <entry key="USERKEYMOBILEJKNFKTP">l4nh5eVYrLAER/I2A4b3Tw==</entry>
    <entry key="PASSMOBILEJKNFKTP">l4nh5eVYrLAER/I2A4b3Tw==</entry>
    <entry key="USERMOBILEJKNFKTP">l4nh5eVYrLAER/I2A4b3Tw==</entry>
    <entry key="ADDANTRIANAPIMOBILEJKNFKTP">yes</entry>
    <entry key="DIVREGPCARE">REGIONAL V-JAWA TENGAH</entry>
    <entry key="KACABPCARE">SURAKARTA</entry>
    <entry key="URLAPISISRUTE">https://api.sisrute.kemkes.go.id</entry>
    <entry key="IDSISRUTE">l4nh5eVYrLAER/I2A4b3Tw==</entry>
    <entry key="PASSSISRUTE">l4nh5eVYrLAER/I2A4b3Tw==</entry>
    <entry key="URLAPISIRS">https://sirs.kemkes.go.id/fo/index.php/Fasyankes</entry>
    <entry key="IDSIRS">jhPSu1xlQkh+stLFrcin5w==</entry>
    <entry key="PASSSIRS">BYptJvsq544HinWKjX8VTA==</entry>
    <entry key="URLAPISITT">http://sirs.yankes.kemkes.go.id/sirsservice/sitbtraining/sitb/senddata</entry>
    <entry key="IDSITT">Fm2U09DVwzqY2V8sl5jUCA==</entry>
    <entry key="PASSSITT">ri7lfclUM11skv5F+NuUUg==</entry>
    <entry key="KABUPATENSITT">12345</entry>
    <entry key="URLAPICORONA">http://sirs.kemkes.go.id/fo/index.php</entry>
    <entry key="IDCORONA">l4nh5eVYrLAER/I2A4b3Tw==</entry>
    <entry key="PASSCORONA">l4nh5eVYrLAER/I2A4b3Tw==</entry>
    <entry key="CLIENTIDSATUSEHAT">f/5ZJmGpwc2XaRK1ikR/u8STZlhyEu29AHWP6HfYPqwsV1L5/M6xGKsIG+ZfqyKnVMm32xSABtmC+HIRUMYQMg==</entry>
    <entry key="SECRETKEYSATUSEHAT">J++Y8wXQINi8HaTnQM32naJzbrOEVVnxZc+Rp/lghe2ZfkmDcjdnE4G70IvJexkvJlv2Ff5Ge+MuH/IfjptzJo/Zv2VtS9YDx6uRGepOHH8=</entry>
    <entry key="URLAUTHSATUSEHAT">https://api-satusehat.kemkes.go.id/oauth2/v1</entry> 
    <entry key="URLFHIRSATUSEHAT">https://api-satusehat.kemkes.go.id/fhir-r4/v1</entry>
    <entry key="IDSATUSEHAT">195sGjCkxkzXD0LXflNgOQ==</entry>
    <entry key="KELURAHANSATUSEHAT">3506252008</entry>
    <entry key="KECAMATANSATUSEHAT">350625</entry>
    <entry key="KABUPATENSATUSEHAT">3506</entry>
    <entry key="PROPINSISATUSEHAT">35</entry>
    <entry key="KODEPOSSATUSEHAT">64181</entry>
    <entry key="KAMARAKTIFRANAP"></entry>
    <entry key="DOKTERAKTIFKASIRRALAN"></entry>
    <entry key="POLIAKTIFKASIRRALAN"></entry>
    <entry key="RUANGANAKTIFINVENTARIS"></entry>
    <entry key="BASENOREG">booking</entry>
    <entry key="URUTNOREG">dokter + poli</entry>
    <entry key="JADWALDOKTERDIREGISTRASI">nonaktif</entry>
    <entry key="KUNCIDOKTERRANAP">cj8o6eBdSn+TiUrBgGoElQ==</entry>     
    <entry key="IPPRINTERTRACER">10.50.150.57/label2</entry>
    <entry key="URLAPIINHEALTH">http://development.inhealth.co.id/pelkesws2</entry>
    <entry key="TOKENINHEALTH">l4nh5eVYrLAER/I2A4b3Tw==</entry>
    <entry key="PEMBULATANHARGAOBAT">yes</entry>
    <entry key="AKTIFKANBATCHOBAT">no</entry>
    <entry key="CETAKRINCIANOBAT">yes</entry>
    <entry key="DEPOAKTIFOBAT"></entry>
    <entry key="VALIDASIULANGBERIOBAT">no</entry>
    <entry key="AKTIFKANBILLINGPARSIAL">no</entry>
     <entry key="URLDUKCAPILJAKARTA">http://kependudukan.jakarta.go.id/wsrs/xml.jsp</entry>
    <entry key="USERDUKCAPILJAKARTA">eYTbZ3SMrmsvkl4t8u0zrA==</entry>
    <entry key="PASSDUKCAPILJAKARTA">iDrX7PhhkIwMup7YcS2RFg==</entry>
    <entry key="VAR1DUKCAPILJAKARTA">RSIABK</entry>
    <entry key="VAR2DUKCAPILJAKARTA">12</entry>
    <entry key="URLDUKCAPIL">http://172.16.160.128:8000/dukcapil/get_json/rsia_aceh/CALL_NIK</entry>
    <entry key="USERDUKCAPIL">l4nh5eVYrLAER/I2A4b3Tw==</entry>
    <entry key="PASSDUKCAPIL">l4nh5eVYrLAER/I2A4b3Tw==</entry>
    <entry key="IPUSERDUKCAPIL">10.160.57.2</entry>
    <entry key="AKTIFKANTRACKSQL">88tE0ZUstuza/UrtfBYkFA==</entry>
    <entry key="HOSTWSLICA">http://localhost/bridging-lica/public</entry>
    <entry key="KEYWSLICA">yLT3/8b0KAb5QK1ueFkW7g==</entry>
    <entry key="HOSTFUJI">5k7+C7EnUw9nUv2Nix+DBA==</entry>
    <entry key="DATABASEFUJI">278SCM7uDvhfdwppyMpg5OAy0jN9F3pCdgukirLsgKA=</entry>
    <entry key="PORTFUJI">nioxtijcpDaKSUiUiP5FAg==</entry>
    <entry key="USERFUJI">kMR3WfAwUK6MbhCyydxa0g==</entry>
    <entry key="PASFUJI">l4nh5eVYrLAER/I2A4b3Tw==</entry>
    <entry key="URLCARESTREAM">http://192.168.55.187:10110/pacs</entry>
    <entry key="HOSTSYSMEX">5k7+C7EnUw9nUv2Nix+DBA==</entry>
    <entry key="DATABASESYSMEX">o4cUZDSdQxLPdcZer/pr1PnCrQNrd08+Hrx8Y/fi7Os=</entry>
    <entry key="PORTSYSMEX">nioxtijcpDaKSUiUiP5FAg==</entry>
    <entry key="USERSYSMEX">kMR3WfAwUK6MbhCyydxa0g==</entry>
    <entry key="PASSYSMEX">l4nh5eVYrLAER/I2A4b3Tw==</entry>
    <entry key="HOSTELIMS">5k7+C7EnUw9nUv2Nix+DBA==</entry>
    <entry key="DATABASEELIMS">o4cUZDSdQxLPdcZer/pr1PnCrQNrd08+Hrx8Y/fi7Os=</entry>
    <entry key="PORTELIMS">nioxtijcpDaKSUiUiP5FAg==</entry>
    <entry key="USERELIMS">kMR3WfAwUK6MbhCyydxa0g==</entry>
    <entry key="PASELIMS">l4nh5eVYrLAER/I2A4b3Tw==</entry>
    <entry key="URLAPIMEDQLAB">https://dev-prembun.applimetis.id</entry>
    <entry key="SECRETKEYAPIMEDQLAB">8ZipZmIxePiEF1zVagxxcQ==</entry>
    <entry key="CONSIDAPIMEDQLAB">6IhC1JqxJ8ffoUfJz36IiA==</entry>
    <entry key="HOSTSMARTLAB">5k7+C7EnUw9nUv2Nix+DBA==</entry>
    <entry key="DATABASESMARTLAB">o4cUZDSdQxLPdcZer/pr1PnCrQNrd08+Hrx8Y/fi7Os=</entry>
    <entry key="PORTSMARTLAB">nioxtijcpDaKSUiUiP5FAg==</entry>
    <entry key="USERSMARTLAB">kMR3WfAwUK6MbhCyydxa0g==</entry>
    <entry key="PASSMARTLAB">l4nh5eVYrLAER/I2A4b3Tw==</entry>
    <entry key="URLAPISOFTMEDIX">http://192.168.1.100/wslis/bridging</entry>
    <entry key="PRODUCTSOFTMEDIX">hxTq2l42LcFegDOGyf8NsQ==</entry>
    <entry key="VERSIONSOFTMEDIX">NtswCF8BeY91Qs+C0p9G4g==</entry>
    <entry key="USERIDSOFTMEDIX">ZrktPIaFtldPd5VRZVti1g==</entry>
    <entry key="KEYSOFTMEDIX">KAkCm0yrGiE2y7VnPrI2RcLCEN+iP1sFTpvFpySD1f8=</entry>
    <entry key="HOSTVANSLAB">5k7+C7EnUw9nUv2Nix+DBA==</entry>
    <entry key="DATABASEVANSLAB">o4cUZDSdQxLPdcZer/pr1PnCrQNrd08+Hrx8Y/fi7Os=</entry>
    <entry key="PORTVANSLAB">nioxtijcpDaKSUiUiP5FAg==</entry>
    <entry key="USERVANSLAB">kMR3WfAwUK6MbhCyydxa0g==</entry>
    <entry key="PASVANSLAB">l4nh5eVYrLAER/I2A4b3Tw==</entry>
    <entry key="HOSTSLIMS">5k7+C7EnUw9nUv2Nix+DBA==</entry>
    <entry key="DATABASESLIMS">o4cUZDSdQxLPdcZer/pr1PnCrQNrd08+Hrx8Y/fi7Os=</entry>
    <entry key="PORTSLIMS">nioxtijcpDaKSUiUiP5FAg==</entry>
    <entry key="USERSLIMS">kMR3WfAwUK6MbhCyydxa0g==</entry>
    <entry key="PASSLIMS">l4nh5eVYrLAER/I2A4b3Tw==</entry>
    <entry key="URLORTHANC">http://localhost</entry>
    <entry key="PORTORTHANC">4xOkFa6gxM9Bc/dkpEtJ+A==</entry>
    <entry key="USERORTHANC">V9bi0P2HgAq8Nn8lUyS6/A==</entry>
    <entry key="PASSORTHANC">V9bi0P2HgAq8Nn8lUyS6/A==</entry>
    <entry key="SFTPMANDIRIPATHPEMBAYARANPIHAKKETIGA">l4nh5eVYrLAER/I2A4b3Tw==</entry>
    <entry key="SFTPMANDIRIPATHPEMBAYARANPAJAK">l4nh5eVYrLAER/I2A4b3Tw==</entry>
    <entry key="SFTPMANDIRIPATHPEMBAYARANVIRTUALACCOUNT">l4nh5eVYrLAER/I2A4b3Tw==</entry>
    <entry key="SFTPMANDIRIPATHACK">l4nh5eVYrLAER/I2A4b3Tw==</entry>
    <entry key="SFTPMANDIRIPATHMT940">l4nh5eVYrLAER/I2A4b3Tw==</entry>
    <entry key="SFTPMANDIRIHOST">l4nh5eVYrLAER/I2A4b3Tw==</entry>
    <entry key="SFTPMANDIRIPORT">l4nh5eVYrLAER/I2A4b3Tw==</entry>
    <entry key="SFTPMANDIRIUSER">l4nh5eVYrLAER/I2A4b3Tw==</entry>
    <entry key="SFTPMANDIRIPAS">l4nh5eVYrLAER/I2A4b3Tw==</entry>
    <entry key="URLAPIESIGN">https://esign.jemberkab.go.id/api/sign/pdf</entry>
    <entry key="USERNAMEAPIESIGN">6yTePH8GEKfAhUM7NDvztQ==</entry>
    <entry key="PASSAPIESIGN">44oB160TXymkmgkKCmrabg==</entry>
    <entry key="URLAKSESFILEESIGN">http://localhost/esign/jadikanpdf</entry>
    <entry key="SFTPFILEESIGNHOST">CQ5Kfm5ILnLOu+e6AFp0cF/pXKrdgCX8xaM0HTMb1Fk=</entry>
    <entry key="SFTPFILEESIGNPORT">fvvu/wqeVHAys9jWVltWsA==</entry>
    <entry key="SFTPFILEESIGNUSER">bAXbb94guPz+B30Ics1QDw==</entry>
    <entry key="SFTPFILEESIGNPAS">5/E2gzGZ+SOG9tal860JJ3/7uyy7V7L3Q8zIw6oL25w=</entry>
    <entry key="SFTPFILEESIGNFOLDER">bsX283RtohX0NO9hyh+GAIKiafyYwSe7hhw/HWdydQQ=</entry>
    <entry key="URLAPISERTISIGN">https://api-stag.sertisign.id/v2/poa/signing-qr</entry>
    <entry key="APIKEYSERTISIGN">Qvbk11KTaeMu98WE5RITeYdqppEJrrfzN7HisMpfOheYGYPFOLs1CW4idp8VpXV1</entry>
    <entry key="URLDOKUMENSERTISIGN">https://sertisign.com/webhook</entry>
    
    <entry key="AUTOUPDATESISTEM">aktif</entry> <!--no:aktif-->
</properties>
